timestamp,rssi_dbm,rx_bitrate_mbps,tx_bitrate_mbps,rtt_ms
1766648611.5157316,-43,866.7,702.0,428.0
1766648612.9591558,-47,526.6,702.0,24.0
1766648613.9940746,-46,702.0,702.0,18.9
1766648615.0249245,-44,866.7,585.0,152.0
1766648616.1903586,-45,866.7,585.0,39.1
1766648617.2400098,-42,6.0,780.0,38.5
1766648618.288245,-51,866.7,780.0,18.9
1766648619.3180835,-51,866.7,780.0,34.5
1766648620.363666,-48,866.7,780.0,19.2
1766648621.39385,-50,866.7,780.0,14.2
1766648622.418287,-51,866.7,780.0,23.6
1766648623.4539447,-51,866.7,780.0,14.4
1766648624.4781208,-51,866.7,585.0,39.7
1766648625.529028,-51,866.7,780.0,28.8
1766648626.568483,-35,702.0,780.0,119.0
1766648627.702737,-36,6.0,780.0,15.2
1766648628.7291698,-36,780.0,780.0,15.8
1766648629.757743,-35,866.7,780.0,140.0
1766648630.909438,-35,6.0,780.0,16.5
1766648631.9371338,-35,866.7,780.0,16.0
1766648632.962205,-39,866.7,780.0,40.1
1766648634.0136616,-40,866.7,780.0,39.6
1766648635.0670638,-39,866.7,780.0,36.5
1766648636.1146042,-39,866.7,780.0,37.2
1766648637.1632242,-39,866.7,780.0,37.0
1766648638.2123356,-35,866.7,585.0,33.5
1766648639.2565584,-40,866.7,780.0,28.6
1766648640.2973247,-39,866.7,780.0,18.5
1766648641.3264968,-35,866.7,780.0,122.0
1766648642.4597657,-42,866.7,780.0,15.2
1766648643.4868467,-60,585.0,585.0,20.9
1766648644.5184076,-60,585.0,351.0,173.0
1766648645.70238,-63,6.0,351.0,38.3
1766648646.7520206,-65,585.0,234.0,25.2
1766648647.786826,-64,585.0,234.0,77.7
1766648648.875277,-64,585.0,234.0,126.0
1766648650.0122085,-68,585.0,234.0,27.1
1766648651.0527382,-65,585.0,234.0,87.4
1766648652.151124,-65,585.0,351.0,46.0
1766648653.2074258,-65,585.0,234.0,84.3
1766648654.3019948,-62,585.0,351.0,38.8
1766648655.3518536,-61,585.0,351.0,91.4
1766648656.4558842,-58,324.0,234.0,37.9
1766648657.5057619,-76,162.0,29.3,414.0
1766648658.930969,-76,162.0,6.5,243.0
1766648660.1862957,-74,52.0,29.3,29.6
1766648661.231669,-73,52.0,13.5,38.5
1766648662.2818537,-72,117.0,117.0,
1766648664.2931905,-77,117.0,6.5,56.8
1766648665.3608594,-87,351.0,29.3,
1766648667.373349,-96,13.0,29.3,
1766648669.3861563,-96,13.0,6.5,
1766648671.39737,-96,13.0,6.5,
1766648673.408346,,,,
1766648675.498805,,,,
1766648676.770559,,,,
1766648678.7823524,,,,
1766648679.843355,,,,
1766648681.8555458,,,,
1766648682.9146051,,,,
1766648684.9270566,,,,
1766648685.9868193,,,,
1766648687.9980664,,,,
1766648689.058602,,,,
1766648691.070221,,,,
1766648692.1306431,,,,
1766648694.141972,,,,
1766648695.2025774,,,,
1766648697.2147229,,,,
1766648698.2758436,,,,
1766648700.287687,,,,
1766648701.3464556,,,,
1766648703.3578064,,,,
1766648704.4186113,,,,
1766648705.428486,,,,
1766648706.4389153,,,,
1766648707.4487467,,,,
1766648708.460193,,,,
1766648709.4702842,,,,
1766648710.4799616,,,,
1766648711.4897308,,,,
1766648712.4995546,,,,
1766648713.5087008,,,,
1766648714.5182488,,,,
1766648715.5292804,,,,
1766648716.5385525,,,,
1766648717.5520904,,,,
1766648718.5627222,,,,
1766648719.5722554,,,,
1766648720.5814855,,,,
1766648721.5922494,,,,
1766648722.6023827,,,,
1766648723.6121624,,,,
1766648724.6226616,,,,
1766648725.6324983,,,,
1766648726.6420672,,,,
1766648727.6529462,,,,
1766648728.6617746,,,,
1766648729.6724794,,,,
1766648730.68347,,,,
1766648731.6932993,,,,
1766648732.7034478,,,,
1766648733.714568,,,,
1766648734.725176,,,,
1766648735.73598,,,,
1766648736.7475502,,,,
1766648737.7585473,,,,
1766648738.7684524,,,,
1766648739.7809432,,,,
1766648740.7918806,,,,
1766648741.801481,,,,
1766648742.8112757,,,,
1766648743.8218353,,,,
1766648744.8328547,,,,
1766648745.8414717,,,,
1766648746.851877,,,,
1766648747.860371,,,,
1766648748.8745215,,,,
1766648749.8847938,,,,
1766648750.8939507,,,,
1766648751.9035876,,,,
1766648752.9140475,,,,
1766648753.9239967,,,,
1766648754.932596,,,,
1766648755.9436574,,,,
1766648756.9525473,,,,
1766648757.9639456,,,,
1766648758.9743059,,,,
1766648759.9837565,,,,
1766648760.993706,,,,
1766648762.0064735,,,,
1766648763.0175488,,,,
1766648764.0313075,,,,
1766648765.0445645,,,,
1766648766.0552447,,,,
1766648767.0679555,,,,
1766648768.078497,,,,
1766648769.091314,,,,
1766648770.1009917,,,,
1766648771.1110985,,,,
1766648772.1213849,,,,
1766648773.1312077,,,,
1766648774.1443167,,,,
1766648775.155329,,,,
1766648776.1639867,,,,
1766648777.180011,,,,
1766648778.1912398,,,,
1766648779.2043447,,,,
1766648780.2132094,,,,
1766648781.224217,,,,
1766648782.2351892,,,,
1766648783.2441394,,,,
1766648784.2547054,,,,
1766648785.2673333,,,,
1766648786.2768455,,,,
1766648787.2871149,,,,
1766648788.2964404,,,,
1766648789.3054335,,,,
1766648790.3146694,,,,
1766648791.3264394,,,,
1766648792.3331943,,,,
1766648793.3434105,,,,
1766648794.355382,,,,
1766648795.3645022,,,,
1766648796.3740988,,,,
1766648797.3843327,,,,
1766648798.394091,,,,
1766648799.4040809,,,,
1766648800.4134324,,,,
1766648801.4228575,,,,
1766648802.4313917,,,,
1766648803.4404655,,,,
1766648804.4504595,,,,
1766648805.4608655,,,,
1766648806.4706943,,,,
1766648807.4798913,,,,
1766648808.4890916,,,,
1766648809.4991112,,,,
1766648810.5089152,,,,
1766648811.5181541,,,,
1766648812.5281746,,,,
1766648813.5384803,,,,
1766648814.5471563,,,,
1766648815.5569687,,,,
1766648816.5673957,,,,
1766648817.5768425,,,,
1766648818.5859892,,,,
1766648819.5951133,,,,
1766648820.6057942,,,,
1766648821.6154792,,,,
1766648822.6253793,,,,
1766648823.6359012,,,,
1766648824.6455188,,,,
1766648825.6546893,,,,
1766648826.6655781,,,,
1766648827.675107,,,,
1766648828.6846926,,,,
1766648829.6959507,,,,
1766648830.7049506,,,,
1766648831.7164464,,,,
1766648832.7254694,,,,
1766648833.7338705,,,,
1766648834.7441802,,,,
1766648835.753927,,,,
1766648836.7637715,,,,
1766648837.7749226,,,,
1766648838.7852323,,,,
1766648839.795157,,,,
1766648840.8056898,,,,
1766648841.814744,,,,
1766648842.8247368,,,,
1766648843.8348145,,,,
1766648844.8445227,,,,
1766648845.8534074,,,,
1766648846.8633637,,,,
1766648847.872688,,,,
1766648848.883849,,,,
1766648849.8941321,,,,
1766648850.9036813,,,,
1766648851.9149525,,,,
1766648852.925614,,,,
1766648853.93447,,,,
1766648854.9457824,,,,
1766648855.9555457,,,,
1766648856.9640515,,,,
1766648857.975924,,,,
1766648858.985338,,,,
1766648859.9940836,,,,
1766648861.0054674,,,,
1766648862.0145862,,,,
1766648863.0231106,,,,
1766648864.035321,,,,
1766648865.0447707,,,,
1766648866.0534556,,,,
1766648867.0639021,,,,
1766648868.073527,,,,
1766648869.0853577,,,,
1766648870.097499,,,,
1766648871.1104646,,,,
1766648872.120461,,,,
1766648873.1298864,,,,
1766648874.1413074,,,,
1766648875.1516874,,,,
1766648876.160454,,,,
1766648877.1711671,,,,
1766648878.1799111,,,,
1766648879.1894987,,,,
1766648880.199669,,,,
1766648881.2087383,,,,
1766648882.2216687,,,,
1766648883.2333903,,,,
1766648884.244493,,,,
1766648885.2530918,,,,
1766648886.2668161,,,,
1766648887.2770667,,,,
1766648888.286678,,,,
1766648889.2961783,,,,
1766648890.3067648,,,,
1766648891.3169553,,,,
1766648892.327462,,,,
1766648893.3385398,,,,
1766648894.3486726,,,,
1766648895.357971,,,,
1766648896.36968,,,,
1766648897.383341,,,,
1766648898.3931892,,,,
1766648899.407456,,,,
1766648900.4168837,,,,
1766648901.4278662,,,,
1766648902.4368587,,,,
1766648903.4471915,,,,
1766648904.4569905,,,,
1766648905.4663715,,,,
1766648906.4766989,,,,
1766648907.4869022,,,,
1766648908.4998095,,,,
1766648909.509337,,,,
1766648910.5185647,,,,
1766648911.5263278,,,,
1766648912.536933,,,,
1766648913.5457737,,,,
1766648914.5560539,,,,
1766648915.5663502,,,,
1766648916.5751815,,,,
1766648917.5849574,,,,
1766648918.59596,,,,
1766648919.6050458,,,,
1766648920.615658,,,,
1766648921.6254983,,,,
1766648922.6346686,,,,
1766648923.6445282,,,,
1766648924.6538095,,,,
1766648925.6646588,,,,
1766648926.6738236,,,,
1766648927.6829565,,,,
1766648928.692275,,,,
1766648929.7037375,,,,
1766648930.7131634,,,,
1766648931.7234716,,,,
1766648932.7309334,,,,
1766648933.7410617,,,,
1766648934.7506487,,,,
1766648935.7604017,,,,
1766648936.7713332,,,,
1766648937.7804577,,,,
1766648938.789749,,,,
1766648939.798851,,,,
1766648940.8083365,,,,
1766648941.8193858,,,,
1766648942.8290029,,,,
1766648943.8386772,,,,
1766648944.8485825,,,,
1766648945.8577,,,,
1766648946.8680153,,,,
1766648947.8790166,,,,
1766648948.8886547,,,,
1766648949.8974683,,,,
1766648950.9081464,,,,
1766648951.9173808,,,,
1766648952.926859,,,,
1766648953.937539,,,,
1766648954.9481244,,,,
1766648955.9582455,,,,
1766648956.9693995,,,,
1766648957.978612,,,,
1766648958.989558,,,,
1766648960.0005455,,,,
1766648961.0101173,,,,
1766648962.0196831,,,,
1766648963.030186,,,,
1766648964.0397606,,,,
1766648965.0490906,,,,
1766648966.058799,,,,
1766648967.0677235,,,,
1766648968.078328,,,,
1766648969.087802,,,,
1766648970.0985088,,,,
1766648971.1096056,,,,
1766648972.1194742,,,,
1766648973.129175,,,,
1766648974.1399255,,,,
1766648975.149794,,,,
1766648976.15853,,,,
1766648977.1695814,,,,
1766648978.1790824,,,,
1766648979.1877809,,,,
1766648980.1967063,,,,
1766648981.2062345,,,,
1766648982.2163322,,,,
1766648983.2272658,,,,
1766648984.23571,,,,
1766648985.2461777,,,,
1766648986.2576954,,,,
1766648987.2692094,,,,
1766648988.2800272,,,,
1766648989.2918415,,,,
1766648990.3034928,,,,
1766648991.3133488,,,,
1766648992.3228707,,,,
1766648993.3323066,,,,
1766648994.3408778,,,,
1766648995.3509014,,,,
1766648996.3607826,,,,
1766648997.3696146,,,,
1766648998.380015,,,,
1766648999.3894303,,,,
1766649000.398515,,,,
1766649001.4090898,,,,
1766649002.422027,,,,
1766649003.4274533,,,,
1766649004.437809,,,,
1766649005.4467723,,,,
1766649006.458977,,,,
1766649007.4696922,,,,
1766649008.48173,,,,
1766649009.4923244,,,,
1766649010.502894,,,,
1766649011.5137227,,,,
1766649012.5215664,,,,
1766649013.5321918,,,,
1766649014.5413618,,,,
1766649015.5503213,,,,
1766649016.5615156,,,,
1766649017.5734138,,,,
1766649018.5833461,,,,
1766649019.5944674,,,,
1766649020.6047204,,,,
1766649021.6139097,,,,
1766649022.6254656,,,,
1766649023.6338716,,,,
1766649024.6431785,,,,
1766649025.6531026,,,,
1766649026.6615572,,,,
1766649027.6710966,,,,
1766649028.6805463,,,,
1766649029.6905892,,,,
1766649030.7019093,,,,
1766649031.7118714,,,,
1766649032.722027,,,,
1766649033.7343926,,,,
1766649034.746935,,,,
1766649035.7566082,,,,
1766649036.7653732,,,,
1766649037.7745888,,,,
1766649038.7835093,,,,
1766649039.7932203,,,,
1766649040.8041475,,,,
1766649041.8141005,,,,
1766649042.823222,,,,
1766649043.833848,,,,
1766649044.8438728,,,,
1766649045.853562,,,,
1766649046.863643,,,,
1766649047.873888,,,,
1766649048.8837738,,,,
1766649049.8921745,,,,
1766649050.9019387,,,,
1766649051.9106908,,,,
1766649052.9200935,,,,
1766649053.930098,,,,
1766649054.9389267,,,,
1766649055.9492152,,,,
1766649056.959654,,,,
1766649057.971921,,,,
1766649058.9824457,,,,
1766649059.9917612,,,,
1766649061.001068,,,,
1766649062.0123785,,,,
1766649063.0220442,,,,
1766649064.03328,,,,
1766649065.043675,,,,
1766649066.0536053,,,,
1766649067.063948,,,,
1766649068.0740376,,,,
1766649069.0839539,,,,
1766649070.0931766,,,,
1766649071.1041992,,,,
1766649072.1135447,,,,
1766649073.1231503,,,,
1766649074.1344123,,,,
1766649075.144597,,,,
1766649076.1536477,,,,
1766649077.1662629,,,,
1766649078.175921,,,,
1766649079.1879187,,,,
1766649080.19803,,,,
1766649081.2085261,,,,
1766649082.2173944,,,,
1766649083.2283573,,,,
1766649084.2394419,,,,
1766649085.2492576,,,,
1766649086.258757,,,,
1766649087.2697878,,,,
1766649088.2792337,,,,
1766649089.2890317,,,,
1766649090.2987225,,,,
1766649091.3085568,,,,
1766649092.3206975,,,,
1766649093.3314178,,,,
1766649094.3430266,,,,
1766649095.3526943,,,,
1766649096.364103,,,,
1766649097.3738737,,,,
1766649098.3829892,,,,
1766649099.3932557,,,,
1766649100.4015448,,,,
1766649101.41059,,,,
1766649102.4211698,,,,
1766649103.4313793,,,,
1766649104.442897,,,,
1766649105.4544632,,,,
1766649106.464551,,,,
1766649107.4760911,,,,
1766649108.4868536,,,,
1766649109.497183,,,,
1766649110.5069857,,,,
1766649111.5178292,,,,
1766649112.5272152,,,,
1766649113.5358396,,,,
1766649114.5465813,,,,
1766649115.5549552,,,,
1766649116.5648246,,,,
1766649117.5758088,,,,
1766649118.584215,,,,
1766649119.5934649,,,,
1766649120.603481,,,,
1766649121.6124978,,,,
1766649122.6264029,,,,
1766649123.6370883,,,,
1766649124.6485457,,,,
1766649125.6588771,,,,
1766649126.665396,,,,
1766649127.673587,,,,
1766649128.6831107,,,,
1766649129.6915019,,,,
1766649130.703292,,,,
1766649131.7145994,,,,
1766649132.7251039,,,,
1766649133.7355607,,,,
1766649134.744241,,,,
1766649135.753984,,,,
1766649136.7635915,,,,
1766649137.7739146,,,,
